,Unnamed: 0,issued time,user id,districts,organizer id
0,0,2020-02-18 00:02:00,1998,longgang,1527
1,1,2020-02-18 00:12:00,1998,longgang,1527
2,2,2020-02-18 00:23:00,1608,baoan,676
3,3,2020-02-18 02:25:00,1883,guangming,1619
4,4,2020-02-18 02:25:00,7699,guangming,1619
5,5,2020-02-18 02:25:00,2061,guangming,1619
6,6,2020-02-18 02:38:00,7970,guangming,1619
7,7,2020-02-18 02:38:00,7699,guangming,1619
8,8,2020-02-18 02:38:00,7018,guangming,1619
9,9,2020-02-18 02:38:00,7018,guangming,1619
10,10,2020-02-18 02:38:00,6184,guangming,1619
11,11,2020-02-18 02:38:00,5599,guangming,1619
12,12,2020-02-18 02:38:00,2619,guangming,1619
13,13,2020-02-18 07:41:00,1635,yantian,1634
14,14,2020-02-18 07:41:00,1652,yantian,1634
15,15,2020-02-18 07:41:00,1654,yantian,1634
16,16,2020-02-18 07:41:00,1667,yantian,1634
17,17,2020-02-18 07:41:00,1670,yantian,1634
18,18,2020-02-18 07:41:00,1672,yantian,1634
19,19,2020-02-18 07:41:00,1787,yantian,1634
20,20,2020-02-18 07:41:00,1701,yantian,1634
21,21,2020-02-18 07:41:00,1701,yantian,1634
22,22,2020-02-18 07:41:00,1795,yantian,1634
23,23,2020-02-18 07:41:00,2914,yantian,1634
24,24,2020-02-18 07:41:00,3045,yantian,1634
25,25,2020-02-18 07:41:00,1681,yantian,1634
26,26,2020-02-18 07:41:00,2685,yantian,1634
27,27,2020-02-18 07:59:00,1677,baoan,1145
28,28,2020-02-18 07:59:00,6514,baoan,1145
29,29,2020-02-18 07:59:00,12386,baoan,1145
30,30,2020-02-18 08:13:00,2366,nanshan,1632
31,31,2020-02-18 08:13:00,1782,nanshan,1632
32,32,2020-02-18 08:13:00,1675,nanshan,1632
33,33,2020-02-18 08:13:00,1650,nanshan,1632
34,34,2020-02-18 08:13:00,573,nanshan,1632
35,35,2020-02-18 08:28:00,2904,dapeng,-1
36,36,2020-02-18 08:28:00,2644,dapeng,-1
37,37,2020-02-18 08:28:00,1908,dapeng,-1
38,38,2020-02-18 08:28:00,1867,dapeng,-1
39,39,2020-02-18 08:28:00,1832,dapeng,-1
40,40,2020-02-18 08:36:00,3046,longgang,-1
41,41,2020-02-18 08:51:00,554,nanshan,1632
42,42,2020-02-18 08:51:00,1650,nanshan,1632
43,43,2020-02-18 08:51:00,3535,nanshan,1632
44,44,2020-02-18 08:51:00,1923,nanshan,1632
45,45,2020-02-18 08:51:00,12444,nanshan,1632
46,46,2020-02-18 08:51:00,1893,nanshan,1632
47,47,2020-02-18 08:54:00,1756,luohu,-1
48,48,2020-02-18 09:08:00,4911,nanshan,410
49,49,2020-02-18 09:08:00,1874,nanshan,1755
50,50,2020-02-18 09:08:00,1810,nanshan,1755
51,51,2020-02-18 09:08:00,1791,nanshan,1755
52,52,2020-02-18 09:08:00,1786,nanshan,1755
53,53,2020-02-18 09:12:00,1570,nanshan,732
54,54,2020-02-18 09:12:00,2024,nanshan,732
55,55,2020-02-18 09:12:00,2085,nanshan,732
56,56,2020-02-18 09:12:00,5990,nanshan,732
57,57,2020-02-18 09:12:00,6607,nanshan,732
58,58,2020-02-18 09:17:00,2330,futian,1788
59,59,2020-02-18 09:17:00,1968,futian,1788
60,60,2020-02-18 09:17:00,1848,futian,1788
61,61,2020-02-18 09:17:00,1752,futian,1788
62,62,2020-02-18 09:18:00,1859,nanshan,1814
63,63,2020-02-18 09:18:00,1862,nanshan,1814
64,64,2020-02-18 09:18:00,2136,nanshan,1814
65,65,2020-02-18 09:18:00,2569,nanshan,1814
66,66,2020-02-18 09:18:00,2850,nanshan,1814
67,67,2020-02-18 09:18:00,1896,nanshan,1814
68,68,2020-02-18 09:19:00,1902,luohu,1799
69,69,2020-02-18 09:19:00,1868,luohu,1799
70,70,2020-02-18 09:19:00,1887,luohu,1799
71,71,2020-02-18 09:19:00,1895,luohu,1799
72,72,2020-02-18 09:19:00,1918,luohu,1799
73,73,2020-02-18 09:19:00,1851,luohu,1799
74,74,2020-02-18 09:19:00,1932,luohu,1799
75,75,2020-02-18 09:19:00,2053,luohu,1799
76,76,2020-02-18 09:19:00,6819,luohu,1799
77,77,2020-02-18 09:19:00,6852,luohu,1799
78,78,2020-02-18 09:19:00,14610,luohu,1799
79,79,2020-02-18 09:19:00,1932,luohu,1799
80,80,2020-02-18 09:19:00,6995,luohu,1799
81,81,2020-02-18 09:20:00,1885,longhua,1757
82,82,2020-02-18 09:21:00,2072,longgang,1811
83,83,2020-02-18 09:21:00,3657,longgang,1811
84,84,2020-02-18 09:22:00,2277,shenshan,1837
85,85,2020-02-18 09:22:00,2077,shenshan,1837
86,86,2020-02-18 09:22:00,2035,shenshan,1837
87,87,2020-02-18 09:22:00,1949,shenshan,1837
88,88,2020-02-18 09:23:00,652,yantian,346
89,89,2020-02-18 09:23:00,498,yantian,346
90,90,2020-02-18 09:23:00,498,yantian,346
91,91,2020-02-18 09:23:00,403,yantian,346
92,92,2020-02-18 09:25:00,1980,longgang,1811
93,93,2020-02-18 09:25:00,2045,longgang,1811
94,94,2020-02-18 09:25:00,2072,longgang,1811
95,95,2020-02-18 09:25:00,2096,longgang,1811
96,96,2020-02-18 09:25:00,2236,longgang,1811
97,97,2020-02-18 09:25:00,2226,longgang,1811
98,98,2020-02-18 09:25:00,2242,longgang,1811
99,99,2020-02-18 09:25:00,2255,longgang,1811
100,100,2020-02-18 09:25:00,2103,longgang,1811
101,101,2020-02-18 09:26:00,1991,dapeng,722
102,102,2020-02-18 09:26:00,1992,dapeng,722
103,103,2020-02-18 09:26:00,1988,dapeng,722
104,104,2020-02-18 09:26:00,1996,dapeng,722
105,105,2020-02-18 09:26:00,1977,dapeng,722
106,106,2020-02-18 09:26:00,1931,dapeng,722
107,107,2020-02-18 09:26:00,1925,dapeng,722
108,108,2020-02-18 09:26:00,1983,dapeng,722
109,109,2020-02-18 09:26:00,2003,dapeng,722
110,110,2020-02-18 09:26:00,2237,dapeng,722
111,111,2020-02-18 09:26:00,2006,dapeng,722
112,112,2020-02-18 09:26:00,2012,dapeng,722
113,113,2020-02-18 09:26:00,2013,dapeng,722
114,114,2020-02-18 09:26:00,2027,dapeng,722
115,115,2020-02-18 09:26:00,2033,dapeng,722
116,116,2020-02-18 09:26:00,2034,dapeng,722
117,117,2020-02-18 09:26:00,2079,dapeng,722
118,118,2020-02-18 09:26:00,2092,dapeng,722
119,119,2020-02-18 09:26:00,2099,dapeng,722
120,120,2020-02-18 09:26:00,2004,dapeng,722
121,121,2020-02-18 09:30:00,1971,futian,-1
122,122,2020-02-18 09:30:00,2089,futian,-1
123,123,2020-02-18 09:30:00,2211,futian,-1
124,124,2020-02-18 09:30:00,9643,futian,-1
125,125,2020-02-18 09:30:00,9643,futian,-1
126,126,2020-02-18 09:30:00,12965,futian,-1
127,127,2020-02-18 09:30:00,2401,futian,-1
128,128,2020-02-18 09:31:00,1997,nanshan,1780
129,129,2020-02-18 09:31:00,2315,yantian,394
130,130,2020-02-18 09:31:00,1975,nanshan,1780
131,131,2020-02-18 09:31:00,1981,nanshan,1780
132,132,2020-02-18 09:31:00,1990,nanshan,1780
133,133,2020-02-18 09:31:00,1995,nanshan,1780
134,134,2020-02-18 09:31:00,2078,nanshan,1780
135,135,2020-02-18 09:31:00,2806,nanshan,1780
136,136,2020-02-18 09:31:00,2109,nanshan,1780
137,137,2020-02-18 09:31:00,2120,nanshan,1780
138,138,2020-02-18 09:31:00,2141,nanshan,1780
139,139,2020-02-18 09:31:00,2188,nanshan,1780
140,140,2020-02-18 09:31:00,4032,nanshan,1780
141,141,2020-02-18 09:31:00,4035,nanshan,1780
142,142,2020-02-18 09:31:00,4277,nanshan,1780
143,143,2020-02-18 09:31:00,2084,nanshan,1780
144,144,2020-02-18 09:36:00,2925,baoan,-1
145,145,2020-02-18 09:36:00,2269,baoan,-1
146,146,2020-02-18 09:36:00,1456,baoan,-1
147,147,2020-02-18 09:36:00,1447,baoan,-1
148,148,2020-02-18 09:36:00,1383,baoan,-1
149,149,2020-02-18 09:38:00,2148,shenshan,1957
150,150,2020-02-18 09:38:00,2272,shenshan,1957
151,151,2020-02-18 09:38:00,2077,shenshan,1957
152,152,2020-02-18 09:38:00,2384,shenshan,1957
153,153,2020-02-18 09:38:00,2425,shenshan,1957
154,154,2020-02-18 09:38:00,2341,dapeng,1964
155,155,2020-02-18 09:38:00,2369,shenshan,1957
156,156,2020-02-18 09:40:00,1889,luohu,1913
157,157,2020-02-18 09:40:00,2023,luohu,1913
158,158,2020-02-18 09:40:00,2057,luohu,1913
159,159,2020-02-18 09:40:00,2088,luohu,1913
160,160,2020-02-18 09:40:00,2142,luohu,1913
161,161,2020-02-18 09:40:00,2156,luohu,1913
162,162,2020-02-18 09:40:00,2176,luohu,1913
163,163,2020-02-18 09:40:00,2160,luohu,1913
164,164,2020-02-18 09:40:00,2197,luohu,1913
165,165,2020-02-18 09:40:00,2207,luohu,1913
166,166,2020-02-18 09:40:00,2221,luohu,1913
167,167,2020-02-18 09:40:00,2244,luohu,1913
168,168,2020-02-18 09:40:00,2070,futian,1890
169,169,2020-02-18 09:40:00,2100,futian,1890
170,170,2020-02-18 09:40:00,2155,futian,1890
171,171,2020-02-18 09:40:00,2172,futian,1890
172,172,2020-02-18 09:40:00,2178,luohu,1913
173,173,2020-02-18 09:42:00,3351,nanshan,2001
174,174,2020-02-18 09:42:00,1731,nanshan,2001
175,175,2020-02-18 09:42:00,2246,nanshan,2001
176,176,2020-02-18 09:42:00,2279,nanshan,2001
177,177,2020-02-18 09:42:00,3105,nanshan,2001
178,178,2020-02-18 09:42:00,4305,nanshan,2001
179,179,2020-02-18 09:42:00,2167,nanshan,1866
180,180,2020-02-18 09:42:00,2087,nanshan,1866
181,181,2020-02-18 09:42:00,2157,nanshan,1866
182,182,2020-02-18 09:42:00,2404,nanshan,1866
183,183,2020-02-18 09:42:00,4826,nanshan,1866
184,184,2020-02-18 09:42:00,10550,nanshan,1866
185,185,2020-02-18 09:42:00,4342,nanshan,2001
186,186,2020-02-18 09:47:00,2272,shenshan,1957
187,187,2020-02-18 09:47:00,2148,shenshan,1957
188,188,2020-02-18 09:47:00,2384,shenshan,1957
189,189,2020-02-18 09:47:00,2425,shenshan,1957
190,190,2020-02-18 09:47:00,2369,shenshan,1957
191,191,2020-02-18 09:51:00,7787,nanshan,2043
192,192,2020-02-18 09:51:00,2318,longgang,2110
193,193,2020-02-18 09:51:00,2248,longgang,2110
194,194,2020-02-18 09:51:00,2222,longgang,2110
195,195,2020-02-18 09:51:00,2219,longgang,2110
196,196,2020-02-18 09:51:00,2194,longgang,2110
197,197,2020-02-18 09:52:00,2208,dapeng,310
198,198,2020-02-18 09:52:00,2212,dapeng,310
199,199,2020-02-18 09:52:00,2238,dapeng,310
200,200,2020-02-18 09:52:00,2228,dapeng,310
201,201,2020-02-18 09:52:00,2254,dapeng,310
202,202,2020-02-18 09:52:00,2583,dapeng,310
203,203,2020-02-18 09:53:00,12997,nanshan,2043
204,204,2020-02-18 09:53:00,4382,futian,1917
205,205,2020-02-18 09:53:00,2332,futian,1917
206,206,2020-02-18 09:53:00,2291,futian,1917
207,207,2020-02-18 09:53:00,2266,futian,1917
208,208,2020-02-18 09:53:00,2206,futian,1917
209,209,2020-02-18 09:53:00,508,futian,1917
210,210,2020-02-18 09:55:00,2280,yantian,2165
211,211,2020-02-18 09:57:00,1187,futian,982
212,212,2020-02-18 09:57:00,2270,futian,982
213,213,2020-02-18 09:57:00,4244,futian,982
214,214,2020-02-18 09:57:00,2309,futian,982
215,215,2020-02-18 09:57:00,2402,futian,982
216,216,2020-02-18 09:58:00,7319,nanshan,485
217,217,2020-02-18 09:58:00,2491,nanshan,485
218,218,2020-02-18 09:58:00,2017,nanshan,485
219,219,2020-02-18 09:58:00,2380,longhua,2131
220,220,2020-02-18 09:58:00,2363,longhua,2131
221,221,2020-02-18 10:00:00,2415,baoan,1824
222,222,2020-02-18 10:00:00,2286,baoan,1824
223,223,2020-02-18 10:00:00,2342,futian,1942
224,224,2020-02-18 10:00:00,13394,baoan,1824
225,225,2020-02-18 10:00:00,724,baoan,1824
226,226,2020-02-18 10:00:00,1974,futian,1942
227,227,2020-02-18 10:00:00,3604,futian,1942
228,228,2020-02-18 10:00:00,2143,futian,1942
229,229,2020-02-18 10:00:00,2305,futian,1942
230,230,2020-02-18 10:00:00,2335,futian,1942
231,231,2020-02-18 10:00:00,2495,futian,1942
232,232,2020-02-18 10:00:00,2118,futian,1942
233,233,2020-02-18 10:01:00,2360,longgang,1911
234,234,2020-02-18 10:02:00,2408,yantian,1939
235,235,2020-02-18 10:02:00,2323,yantian,1939
236,236,2020-02-18 10:02:00,4297,longgang,2256
237,237,2020-02-18 10:02:00,2610,longgang,2256
238,238,2020-02-18 10:05:00,6599,nanshan,2130
239,239,2020-02-18 10:05:00,2523,nanshan,2130
240,240,2020-02-18 10:05:00,2509,nanshan,2130
241,241,2020-02-18 10:06:00,1647,nanshan,2231
242,242,2020-02-18 10:06:00,2472,nanshan,2231
243,243,2020-02-18 10:06:00,365,nanshan,2231
244,244,2020-02-18 10:06:00,2511,nanshan,2231
245,245,2020-02-18 10:06:00,6924,shenshan,2234
246,246,2020-02-18 10:06:00,3349,nanshan,2231
247,247,2020-02-18 10:06:00,3386,nanshan,2231
248,248,2020-02-18 10:06:00,5179,shenshan,2234
249,249,2020-02-18 10:06:00,5353,shenshan,2234
250,250,2020-02-18 10:06:00,3248,nanshan,2231
251,251,2020-02-18 10:07:00,2720,nanshan,2285
252,252,2020-02-18 10:07:00,2623,nanshan,2285
253,253,2020-02-18 10:07:00,2534,nanshan,2285
254,254,2020-02-18 10:07:00,2502,nanshan,2285
255,255,2020-02-18 10:07:00,2423,nanshan,2285
256,256,2020-02-18 10:07:00,1462,nanshan,2285
257,257,2020-02-18 10:07:00,2298,longgang,2125
258,258,2020-02-18 10:07:00,2287,longgang,2125
259,259,2020-02-18 10:08:00,5658,longgang,2325
260,260,2020-02-18 10:08:00,1547,longgang,2249
261,261,2020-02-18 10:08:00,3056,longgang,2325
262,262,2020-02-18 10:08:00,2957,longgang,2249
263,263,2020-02-18 10:08:00,3022,longgang,2249
264,264,2020-02-18 10:08:00,2916,longgang,2249
265,265,2020-02-18 10:09:00,2842,longgang,2276
266,266,2020-02-18 10:09:00,2519,longgang,2336
267,267,2020-02-18 10:09:00,2476,longgang,2336
268,268,2020-02-18 10:10:00,11579,nanshan,485
269,269,2020-02-18 10:10:00,7319,nanshan,485
270,270,2020-02-18 10:11:00,2430,futian,85228
271,271,2020-02-18 10:11:00,2422,futian,85228
272,272,2020-02-18 10:11:00,2416,futian,85228
273,273,2020-02-18 10:11:00,31121,nanshan,485
274,274,2020-02-18 10:11:00,7319,nanshan,485
275,275,2020-02-18 10:11:00,30916,nanshan,485
276,276,2020-02-18 10:11:00,30779,nanshan,485
277,277,2020-02-18 10:11:00,2431,futian,85228
278,278,2020-02-18 10:11:00,48,nanshan,485
279,279,2020-02-18 10:11:00,31035,nanshan,485
280,280,2020-02-18 10:11:00,2436,futian,85228
281,281,2020-02-18 10:11:00,6734,nanshan,485
282,282,2020-02-18 10:11:00,2450,futian,85228
283,283,2020-02-18 10:11:00,2460,futian,85228
284,284,2020-02-18 10:11:00,2505,futian,85228
285,285,2020-02-18 10:11:00,2573,futian,85228
286,286,2020-02-18 10:11:00,2585,futian,85228
287,287,2020-02-18 10:11:00,2678,futian,85228
288,288,2020-02-18 10:11:00,2881,futian,85228
289,289,2020-02-18 10:11:00,3776,futian,85228
290,290,2020-02-18 10:11:00,4703,futian,85228
291,291,2020-02-18 10:11:00,4708,futian,85228
292,292,2020-02-18 10:11:00,6291,futian,85228
293,293,2020-02-18 10:11:00,6636,futian,85228
294,294,2020-02-18 10:11:00,2447,futian,85228
295,295,2020-02-18 10:12:00,757,futian,656
296,296,2020-02-18 10:12:00,694,futian,656
297,297,2020-02-18 10:12:00,2574,futian,656
298,298,2020-02-18 10:12:00,769,futian,656
299,299,2020-02-18 10:14:00,2590,futian,2346
300,300,2020-02-18 10:15:00,2479,longgang,2161
301,301,2020-02-18 10:15:00,2571,longgang,2161
302,302,2020-02-18 10:15:00,2683,longgang,2161
303,303,2020-02-18 10:15:00,2750,longgang,2161
304,304,2020-02-18 10:15:00,1924,futian,2164
305,305,2020-02-18 10:15:00,2485,futian,2164
306,306,2020-02-18 10:15:00,2530,futian,2164
307,307,2020-02-18 10:15:00,2548,futian,2164
308,308,2020-02-18 10:15:00,2582,futian,2164
309,309,2020-02-18 10:15:00,2606,futian,2164
310,310,2020-02-18 10:15:00,2514,longgang,2161
311,311,2020-02-18 10:15:00,3843,futian,2164
312,312,2020-02-18 10:15:00,2731,futian,2164
313,313,2020-02-18 10:15:00,2172,futian,1890
314,314,2020-02-18 10:15:00,2070,futian,1890
315,315,2020-02-18 10:15:00,6313,longgang,1428
316,316,2020-02-18 10:15:00,5952,longgang,1428
317,317,2020-02-18 10:15:00,2155,futian,1890
318,318,2020-02-18 10:15:00,3222,longgang,1428
319,319,2020-02-18 10:15:00,13815,futian,2164
320,320,2020-02-18 10:15:00,5252,futian,2164
321,321,2020-02-18 10:15:00,4402,futian,2164
322,322,2020-02-18 10:15:00,3975,longgang,1428
323,323,2020-02-18 10:16:00,3147,futian,1788
324,324,2020-02-18 10:16:00,2604,futian,147
325,325,2020-02-18 10:16:00,2330,futian,1788
326,326,2020-02-18 10:16:00,1968,futian,1788
327,327,2020-02-18 10:16:00,5303,futian,147
328,328,2020-02-18 10:16:00,4676,futian,147
329,329,2020-02-18 10:16:00,2978,futian,147
330,330,2020-02-18 10:16:00,2781,futian,147
331,331,2020-02-18 10:16:00,2543,futian,147
332,332,2020-02-18 10:16:00,1802,futian,431
333,333,2020-02-18 10:16:00,2506,futian,147
334,334,2020-02-18 10:16:00,889,futian,147
335,335,2020-02-18 10:16:00,6668,futian,431
336,336,2020-02-18 10:16:00,2068,futian,431
337,337,2020-02-18 10:16:00,2610,longgang,2358
338,338,2020-02-18 10:16:00,2526,longgang,2358
339,339,2020-02-18 10:16:00,2507,longgang,2358
340,340,2020-02-18 10:16:00,2484,longgang,2358
341,341,2020-02-18 10:16:00,2138,longgang,2358
342,342,2020-02-18 10:16:00,3638,futian,1788
343,343,2020-02-18 10:16:00,2512,futian,147
344,344,2020-02-18 10:16:00,6288,futian,1788
345,345,2020-02-18 10:16:00,2467,luohu,2322
346,346,2020-02-18 10:16:00,6802,futian,1788
347,347,2020-02-18 10:16:00,6157,futian,1976
348,348,2020-02-18 10:16:00,6288,futian,1788
349,349,2020-02-18 10:16:00,5215,futian,1976
350,350,2020-02-18 10:16:00,4935,futian,1976
351,351,2020-02-18 10:16:00,3742,futian,1976
352,352,2020-02-18 10:16:00,2858,futian,1976
353,353,2020-02-18 10:16:00,2858,futian,1976
354,354,2020-02-18 10:16:00,2744,futian,1976
355,355,2020-02-18 10:16:00,2721,futian,1976
356,356,2020-02-18 10:16:00,2721,futian,1976
357,357,2020-02-18 10:16:00,5921,futian,1976
358,358,2020-02-18 10:16:00,3987,luohu,2322
359,359,2020-02-18 10:16:00,3970,luohu,2322
360,360,2020-02-18 10:16:00,3827,luohu,2322
361,361,2020-02-18 10:16:00,3655,luohu,2322
362,362,2020-02-18 10:16:00,2974,luohu,2322
363,363,2020-02-18 10:16:00,2575,luohu,2322
364,364,2020-02-18 10:16:00,2568,luohu,2322
365,365,2020-02-18 10:16:00,2489,luohu,2322
366,366,2020-02-18 10:16:00,2205,luohu,2322
367,367,2020-02-18 10:16:00,2576,futian,1976
368,368,2020-02-18 10:17:00,2475,longgang,2365
369,369,2020-02-18 10:17:00,2496,longgang,2283
370,370,2020-02-18 10:17:00,2486,longgang,2283
371,371,2020-02-18 10:18:00,2684,futian,2154
372,372,2020-02-18 10:18:00,2732,futian,2154
373,373,2020-02-18 10:18:00,7802,futian,2154
374,374,2020-02-18 10:18:00,5136,futian,2154
375,375,2020-02-18 10:18:00,13352,futian,2154
376,376,2020-02-18 10:18:00,2775,futian,2154
377,377,2020-02-18 10:19:00,612,futian,446
378,378,2020-02-18 10:19:00,611,futian,446
379,379,2020-02-18 10:21:00,2315,yantian,2383
380,380,2020-02-18 10:23:00,10944,guangming,2328
381,381,2020-02-18 10:23:00,2792,futian,2378
382,382,2020-02-18 10:23:00,2780,futian,2378
383,383,2020-02-18 10:23:00,2726,futian,2378
384,384,2020-02-18 10:23:00,2686,futian,2378
385,385,2020-02-18 10:23:00,10858,guangming,2328
386,386,2020-02-18 10:23:00,2920,futian,2378
387,387,2020-02-18 10:23:00,10232,guangming,2328
388,388,2020-02-18 10:23:00,10147,guangming,2328
389,389,2020-02-18 10:23:00,4120,guangming,2328
390,390,2020-02-18 10:23:00,2562,guangming,2328
391,391,2020-02-18 10:23:00,1619,guangming,2328
392,392,2020-02-18 10:23:00,1619,guangming,2328
393,393,2020-02-18 10:23:00,10333,guangming,2328
394,394,2020-02-18 10:23:00,2990,futian,2378
395,395,2020-02-18 10:23:00,2938,futian,2378
396,396,2020-02-18 10:23:00,3010,futian,2378
397,397,2020-02-18 10:23:00,5632,futian,84600
398,398,2020-02-18 10:23:00,5601,futian,84600
399,399,2020-02-18 10:23:00,5589,futian,84600
400,400,2020-02-18 10:23:00,5008,futian,84600
401,401,2020-02-18 10:23:00,4681,futian,84600
402,402,2020-02-18 10:23:00,2591,futian,84600
403,403,2020-02-18 10:23:00,2500,futian,84600
404,404,2020-02-18 10:23:00,4834,futian,84600
405,405,2020-02-18 10:23:00,2579,yantian,394
406,406,2020-02-18 10:23:00,2857,longgang,2379
407,407,2020-02-18 10:23:00,2745,longgang,2379
408,408,2020-02-18 10:23:00,2710,longgang,2379
409,409,2020-02-18 10:23:00,2690,longgang,2379
410,410,2020-02-18 10:23:00,2670,longgang,2379
411,411,2020-02-18 10:23:00,1974,futian,84600
412,412,2020-02-18 10:24:00,3203,luohu,2531
413,413,2020-02-18 10:24:00,2593,luohu,2531
414,414,2020-02-18 10:24:00,2618,luohu,2531
415,415,2020-02-18 10:24:00,2641,luohu,2531
416,416,2020-02-18 10:24:00,2660,luohu,2531
417,417,2020-02-18 10:24:00,2661,luohu,2531
418,418,2020-02-18 10:24:00,4288,luohu,2531
419,419,2020-02-18 10:24:00,3466,luohu,2531
420,420,2020-02-18 10:24:00,3214,longgang,2428
421,421,2020-02-18 10:24:00,3550,longgang,2428
422,422,2020-02-18 10:24:00,5163,longgang,2428
423,423,2020-02-18 10:24:00,1806,futian,1369
424,424,2020-02-18 10:24:00,1861,futian,1369
425,425,2020-02-18 10:24:00,1882,futian,1369
426,426,2020-02-18 10:24:00,1884,futian,1369
427,427,2020-02-18 10:24:00,3122,longgang,2428
428,428,2020-02-18 10:25:00,6626,longgang,2539
429,429,2020-02-18 10:25:00,6634,longgang,2539
430,430,2020-02-18 10:25:00,6750,longgang,2539
431,431,2020-02-18 10:25:00,7091,longgang,2539
432,432,2020-02-18 10:25:00,331,futian,797
433,433,2020-02-18 10:25:00,7742,futian,797
434,434,2020-02-18 10:26:00,8749,guangming,1869
435,435,2020-02-18 10:26:00,4150,guangming,1869
436,436,2020-02-18 10:26:00,2876,guangming,1869
437,437,2020-02-18 10:26:00,9210,longhua,2131
438,438,2020-02-18 10:26:00,5592,longhua,2131
439,439,2020-02-18 10:27:00,2709,longgang,2541
440,440,2020-02-18 10:27:00,2675,longgang,2541
441,441,2020-02-18 10:27:00,2760,longgang,2541
442,442,2020-02-18 10:27:00,2906,guangming,2463
443,443,2020-02-18 10:27:00,2179,longgang,2541
444,444,2020-02-18 10:27:00,3144,longgang,2541
445,445,2020-02-18 10:27:00,3542,shenshan,2437
446,446,2020-02-18 10:27:00,3478,longgang,2541
447,447,2020-02-18 10:27:00,2859,longgang,2110
448,448,2020-02-18 10:27:00,3545,shenshan,2437
449,449,2020-02-18 10:27:00,2788,longgang,2110
450,450,2020-02-18 10:27:00,2831,longgang,2110
451,451,2020-02-18 10:27:00,3372,longgang,2541
452,452,2020-02-18 10:28:00,2669,shenshan,2561
453,453,2020-02-18 10:29:00,2867,longgang,2535
454,454,2020-02-18 10:29:00,3215,longgang,2535
455,455,2020-02-18 10:29:00,3283,longgang,2535
456,456,2020-02-18 10:29:00,3286,longgang,2535
457,457,2020-02-18 10:29:00,84649,longgang,2535
458,458,2020-02-18 10:29:00,2703,longgang,2587
459,459,2020-02-18 10:29:00,2718,longgang,2587
460,460,2020-02-18 10:29:00,2770,longgang,2587
461,461,2020-02-18 10:29:00,2783,longgang,2587
462,462,2020-02-18 10:29:00,2832,longgang,2587
463,463,2020-02-18 10:29:00,2836,longgang,2587
464,464,2020-02-18 10:29:00,3000,longgang,2587
465,465,2020-02-18 10:29:00,3033,longgang,2587
466,466,2020-02-18 10:29:00,3058,longgang,2587
467,467,2020-02-18 10:29:00,3311,longgang,2587
468,468,2020-02-18 10:30:00,2853,shenshan,-1
469,469,2020-02-18 10:30:00,4821,shenshan,-1
470,470,2020-02-18 10:30:00,2590,futian,2346
471,471,2020-02-18 10:30:00,2753,futian,2346
472,472,2020-02-18 10:30:00,2825,futian,2346
473,473,2020-02-18 10:30:00,3293,futian,2346
474,474,2020-02-18 10:30:00,2923,futian,2346
475,475,2020-02-18 10:30:00,3052,futian,2346
476,476,2020-02-18 10:30:00,3101,futian,2346
477,477,2020-02-18 10:30:00,3140,futian,2346
478,478,2020-02-18 10:30:00,2877,futian,2346
479,479,2020-02-18 10:31:00,2890,longgang,2110
480,480,2020-02-18 10:31:00,2222,longgang,2110
481,481,2020-02-18 10:31:00,4674,futian,2607
482,482,2020-02-18 10:31:00,3755,futian,2607
483,483,2020-02-18 10:33:00,6865,longgang,2529
484,484,2020-02-18 10:34:00,15747,futian,2182
485,485,2020-02-18 10:34:00,2582,futian,2182
486,486,2020-02-18 10:34:00,15507,futian,2182
487,487,2020-02-18 10:34:00,15573,futian,2182
488,488,2020-02-18 10:34:00,15619,futian,2182
489,489,2020-02-18 10:34:00,15793,futian,2182
490,490,2020-02-18 10:34:00,15603,futian,2182
491,491,2020-02-18 10:34:00,16602,futian,2182
492,492,2020-02-18 10:34:00,16697,futian,2182
493,493,2020-02-18 10:34:00,3607,longgang,2110
494,494,2020-02-18 10:34:00,17185,futian,2182
495,495,2020-02-18 10:34:00,2964,longgang,2110
496,496,2020-02-18 10:34:00,3089,longgang,2110
497,497,2020-02-18 10:34:00,16091,futian,2182
498,498,2020-02-18 10:36:00,16185,futian,2154
499,499,2020-02-18 10:36:00,6954,futian,2154
500,500,2020-02-18 10:36:00,5315,futian,2154
501,501,2020-02-18 10:36:00,3182,futian,2154
502,502,2020-02-18 10:36:00,2732,futian,2154
503,503,2020-02-18 10:36:00,4155,longgang,2110
504,504,2020-02-18 10:36:00,3091,longgang,2110
505,505,2020-02-18 10:36:00,2869,longgang,2110
506,506,2020-02-18 10:37:00,2838,longgang,2105
507,507,2020-02-18 10:37:00,2900,longgang,2105
508,508,2020-02-18 10:38:00,6288,futian,693
509,509,2020-02-18 10:38:00,5093,futian,693
510,510,2020-02-18 10:38:00,2937,futian,693
511,511,2020-02-18 10:38:00,2908,futian,693
512,512,2020-02-18 10:39:00,2993,yantian,2165
513,513,2020-02-18 10:39:00,3161,yantian,2165
514,514,2020-02-18 10:39:00,3417,yantian,2165
515,515,2020-02-18 10:39:00,2817,longgang,2746
516,516,2020-02-18 10:39:00,3065,longgang,2746
517,517,2020-02-18 10:39:00,3270,longgang,2746
518,518,2020-02-18 10:39:00,3307,longgang,2746
519,519,2020-02-18 10:39:00,3400,longgang,2746
520,520,2020-02-18 10:39:00,3444,longgang,2746
521,521,2020-02-18 10:39:00,3468,longgang,2746
522,522,2020-02-18 10:39:00,3483,longgang,2746
523,523,2020-02-18 10:39:00,3934,longgang,2746
524,524,2020-02-18 10:39:00,3782,longgang,2746
525,525,2020-02-18 10:39:00,3783,longgang,2746
526,526,2020-02-18 10:39:00,3801,longgang,2746
527,527,2020-02-18 10:39:00,3816,longgang,2746
528,528,2020-02-18 10:39:00,3842,longgang,2746
529,529,2020-02-18 10:39:00,3910,longgang,2746
530,530,2020-02-18 10:39:00,4252,longgang,2746
531,531,2020-02-18 10:39:00,4367,longgang,2746
532,532,2020-02-18 10:39:00,4535,longgang,2746
533,533,2020-02-18 10:39:00,4619,longgang,2746
534,534,2020-02-18 10:39:00,3659,longgang,2746
535,535,2020-02-18 10:41:00,7193,futian,2418
536,536,2020-02-18 10:41:00,7352,futian,2418
537,537,2020-02-18 10:41:00,7370,futian,2418
538,538,2020-02-18 10:41:00,7394,futian,2418
539,539,2020-02-18 10:41:00,7430,futian,2418
540,540,2020-02-18 10:41:00,7398,futian,2418
541,541,2020-02-18 10:41:00,2952,nanshan,1201
542,542,2020-02-18 10:41:00,3157,nanshan,1201
543,543,2020-02-18 10:41:00,3633,nanshan,1201
544,544,2020-02-18 10:41:00,3904,nanshan,1201
545,545,2020-02-18 10:41:00,12746,nanshan,1201
546,546,2020-02-18 10:41:00,1407,nanshan,1201
547,547,2020-02-18 10:43:00,3022,longgang,2763
548,548,2020-02-18 10:44:00,3196,dapeng,309
549,549,2020-02-18 10:44:00,3151,dapeng,309
550,550,2020-02-18 10:44:00,3134,dapeng,309
551,551,2020-02-18 10:45:00,5278,longgang,1811
552,552,2020-02-18 10:45:00,3735,longgang,1811
553,553,2020-02-18 10:45:00,3674,longgang,1811
554,554,2020-02-18 10:45:00,3626,longgang,1811
555,555,2020-02-18 10:45:00,3597,longgang,1811
556,556,2020-02-18 10:45:00,2226,longgang,1811
557,557,2020-02-18 10:45:00,2045,longgang,1811
558,558,2020-02-18 10:45:00,2096,longgang,1811
559,559,2020-02-18 10:45:00,2072,longgang,1811
560,560,2020-02-18 10:45:00,2045,longgang,1811
561,561,2020-02-18 10:45:00,1980,longgang,1811
562,562,2020-02-18 10:45:00,972,longgang,1811
563,563,2020-02-18 10:45:00,2103,longgang,1811
564,564,2020-02-18 10:45:00,2150,futian,2874
565,565,2020-02-18 10:45:00,2129,futian,2874
566,566,2020-02-18 10:45:00,3037,futian,2874
567,567,2020-02-18 10:45:00,4663,futian,2874
568,568,2020-02-18 10:45:00,2651,futian,2874
569,569,2020-02-18 10:45:00,3914,futian,2874
570,570,2020-02-18 10:45:00,3667,futian,2874
571,571,2020-02-18 10:45:00,3463,futian,2874
572,572,2020-02-18 10:45:00,3406,futian,2874
573,573,2020-02-18 10:45:00,4596,futian,2874
574,574,2020-02-18 10:45:00,3263,futian,2874
575,575,2020-02-18 10:45:00,3243,futian,2874
576,576,2020-02-18 10:45:00,3191,futian,2874
577,577,2020-02-18 10:45:00,3173,futian,2874
578,578,2020-02-18 10:45:00,3139,futian,2874
579,579,2020-02-18 10:45:00,3095,futian,2874
580,580,2020-02-18 10:45:00,3303,futian,2874
581,581,2020-02-18 10:46:00,1637,yantian,453
582,582,2020-02-18 10:46:00,6374,yantian,453
583,583,2020-02-18 10:46:00,6377,yantian,453
584,584,2020-02-18 10:46:00,6441,yantian,453
585,585,2020-02-18 10:46:00,6718,yantian,453
586,586,2020-02-18 10:46:00,6609,yantian,453
587,587,2020-02-18 10:46:00,7786,yantian,453
588,588,2020-02-18 10:46:00,3055,yantian,2652
589,589,2020-02-18 10:46:00,6502,yantian,453
590,590,2020-02-18 10:47:00,3130,futian,2150
591,591,2020-02-18 10:47:00,3490,nanshan,2352
592,592,2020-02-18 10:47:00,8784,nanshan,2352
593,593,2020-02-18 10:47:00,9397,nanshan,2352
594,594,2020-02-18 10:47:00,9370,nanshan,2352
595,595,2020-02-18 10:47:00,8672,nanshan,2352
596,596,2020-02-18 10:48:00,3409,longgang,2913
597,597,2020-02-18 10:48:00,4546,longgang,2125
598,598,2020-02-18 10:48:00,4062,longgang,2125
599,599,2020-02-18 10:48:00,3598,longgang,2125
600,600,2020-02-18 10:48:00,3582,longgang,2125
601,601,2020-02-18 10:48:00,3262,longgang,2125
602,602,2020-02-18 10:48:00,3188,longgang,2125
603,603,2020-02-18 10:48:00,2298,longgang,2125
604,604,2020-02-18 10:48:00,2287,longgang,2125
605,605,2020-02-18 10:49:00,1175,longgang,2963
606,606,2020-02-18 10:49:00,6782,longgang,2963
607,607,2020-02-18 10:49:00,4312,longgang,2963
608,608,2020-02-18 10:50:00,3632,longgang,2628
609,609,2020-02-18 10:50:00,3329,longgang,2628
610,610,2020-02-18 10:50:00,3195,longgang,2628
611,611,2020-02-18 10:50:00,3176,longgang,2628
612,612,2020-02-18 10:51:00,3292,longgang,3027
613,613,2020-02-18 10:52:00,4708,futian,2786
614,614,2020-02-18 10:52:00,3530,futian,2786
615,615,2020-02-18 10:52:00,3501,futian,2786
616,616,2020-02-18 10:52:00,3384,futian,2786
617,617,2020-02-18 10:52:00,3220,futian,2786
618,618,2020-02-18 10:52:00,3150,futian,2786
619,619,2020-02-18 10:53:00,3490,nanshan,2352
620,620,2020-02-18 10:53:00,8672,nanshan,2352
621,621,2020-02-18 10:53:00,8784,nanshan,2352
622,622,2020-02-18 10:53:00,9370,nanshan,2352
623,623,2020-02-18 10:53:00,9397,nanshan,2352
624,624,2020-02-18 10:53:00,10062,nanshan,2352
625,625,2020-02-18 10:55:00,3277,futian,1899
626,626,2020-02-18 10:55:00,3288,futian,1899
627,627,2020-02-18 10:55:00,2407,futian,1899
628,628,2020-02-18 10:55:00,4675,futian,1899
629,629,2020-02-18 10:55:00,4744,futian,1899
630,630,2020-02-18 10:55:00,344,futian,3067
631,631,2020-02-18 10:55:00,3482,futian,1899
632,632,2020-02-18 10:56:00,7015,longgang,2535
633,633,2020-02-18 10:56:00,3215,longgang,2535
634,634,2020-02-18 10:56:00,3199,longgang,2763
635,635,2020-02-18 10:56:00,3056,longgang,2763
636,636,2020-02-18 10:56:00,3022,longgang,2763
637,637,2020-02-18 10:57:00,3490,nanshan,2352
638,638,2020-02-18 10:57:00,8672,nanshan,2352
639,639,2020-02-18 10:57:00,9397,nanshan,2352
640,640,2020-02-18 10:57:00,9370,nanshan,2352
641,641,2020-02-18 10:57:00,8784,nanshan,2352
642,642,2020-02-18 10:58:00,3321,longgang,3060
643,643,2020-02-18 10:58:00,4026,luohu,-1
644,644,2020-02-18 10:58:00,3641,luohu,-1
645,645,2020-02-18 10:58:00,3522,luohu,-1
646,646,2020-02-18 10:59:00,8672,nanshan,2352
647,647,2020-02-18 10:59:00,387,yantian,-1
648,648,2020-02-18 10:59:00,501,yantian,-1
649,649,2020-02-18 10:59:00,3490,nanshan,2352
650,650,2020-02-18 10:59:00,8784,nanshan,2352
651,651,2020-02-18 10:59:00,3846,longgang,2940
652,652,2020-02-18 10:59:00,9397,nanshan,2352
653,653,2020-02-18 10:59:00,5690,longgang,2940
654,654,2020-02-18 10:59:00,9370,nanshan,2352
655,655,2020-02-18 10:59:00,3514,longgang,2940
656,656,2020-02-18 10:59:00,6939,longgang,2940
657,657,2020-02-18 11:00:00,3448,futian,3136
658,658,2020-02-18 11:00:00,3449,futian,3136
659,659,2020-02-18 11:00:00,3493,futian,3136
660,660,2020-02-18 11:00:00,3374,futian,3136
661,661,2020-02-18 11:00:00,3740,futian,3136
662,662,2020-02-18 11:00:00,3861,futian,3136
663,663,2020-02-18 11:00:00,3900,futian,3136
664,664,2020-02-18 11:00:00,4594,futian,3136
665,665,2020-02-18 11:00:00,3684,futian,3136
666,666,2020-02-18 11:00:00,3427,futian,3136
667,667,2020-02-18 11:01:00,3555,luohu,1724
668,668,2020-02-18 11:01:00,3394,luohu,1724
669,669,2020-02-18 11:01:00,3436,luohu,1724
670,670,2020-02-18 11:01:00,3453,luohu,1724
671,671,2020-02-18 11:01:00,3464,luohu,1724
672,672,2020-02-18 11:01:00,3469,luohu,1724
673,673,2020-02-18 11:01:00,3477,luohu,1724
674,674,2020-02-18 11:01:00,3513,luohu,1724
675,675,2020-02-18 11:01:00,3520,luohu,1724
676,676,2020-02-18 11:01:00,3522,luohu,1724
677,677,2020-02-18 11:01:00,3641,luohu,1724
678,678,2020-02-18 11:01:00,3764,luohu,1724
679,679,2020-02-18 11:01:00,4022,luohu,1724
680,680,2020-02-18 11:01:00,4057,luohu,1724
681,681,2020-02-18 11:01:00,3407,luohu,3164
682,682,2020-02-18 11:01:00,3414,luohu,3164
683,683,2020-02-18 11:01:00,3490,nanshan,2352
684,684,2020-02-18 11:01:00,8672,nanshan,2352
685,685,2020-02-18 11:01:00,8784,nanshan,2352
686,686,2020-02-18 11:01:00,9370,nanshan,2352
687,687,2020-02-18 11:01:00,9397,nanshan,2352
688,688,2020-02-18 11:01:00,3579,luohu,1724
689,689,2020-02-18 11:03:00,3276,longgang,2793
690,690,2020-02-18 11:03:00,6613,longgang,3068
691,691,2020-02-18 11:03:00,5750,longgang,3068
692,692,2020-02-18 11:03:00,4902,longgang,3068
693,693,2020-02-18 11:03:00,4723,longgang,3068
694,694,2020-02-18 11:03:00,3479,longgang,3068
695,695,2020-02-18 11:03:00,4563,longgang,3068
696,696,2020-02-18 11:03:00,4302,longgang,3068
697,697,2020-02-18 11:03:00,4193,longgang,3068
698,698,2020-02-18 11:03:00,3473,longgang,2793
699,699,2020-02-18 11:03:00,1135,nanshan,3336
700,700,2020-02-18 11:03:00,4686,longgang,3068
701,701,2020-02-18 11:03:00,3497,longgang,2793
702,702,2020-02-18 11:03:00,4307,longgang,3267
703,703,2020-02-18 11:03:00,3733,longgang,2793
704,704,2020-02-18 11:03:00,3509,longgang,2793
705,705,2020-02-18 11:03:00,3766,longgang,3123
706,706,2020-02-18 11:03:00,4245,longgang,3267
707,707,2020-02-18 11:03:00,4219,longgang,3267
708,708,2020-02-18 11:03:00,4095,longgang,3267
709,709,2020-02-18 11:03:00,4056,longgang,3267
710,710,2020-02-18 11:03:00,3720,longgang,3123
711,711,2020-02-18 11:03:00,3840,longgang,3267
712,712,2020-02-18 11:03:00,3885,longgang,3267
713,713,2020-02-18 11:03:00,2526,longgang,3267
714,714,2020-02-18 11:03:00,3887,longgang,2793
715,715,2020-02-18 11:03:00,3429,longgang,3267
716,716,2020-02-18 11:03:00,3822,longgang,3267
717,717,2020-02-18 11:04:00,3731,longgang,3162
718,718,2020-02-18 11:04:00,3594,longgang,3162
719,719,2020-02-18 11:04:00,3110,longgang,3162
720,720,2020-02-18 11:05:00,3915,longgang,2940
721,721,2020-02-18 11:05:00,4282,longgang,3062
722,722,2020-02-18 11:05:00,6884,longgang,2940
723,723,2020-02-18 11:05:00,7374,longgang,2940
724,724,2020-02-18 11:05:00,6017,longgang,2940
725,725,2020-02-18 11:06:00,3851,futian,2150
726,726,2020-02-18 11:06:00,4072,futian,2150
727,727,2020-02-18 11:06:00,4030,futian,2150
728,728,2020-02-18 11:06:00,3974,futian,2150
729,729,2020-02-18 11:06:00,3956,futian,2150
730,730,2020-02-18 11:06:00,3886,futian,2150
731,731,2020-02-18 11:06:00,3877,futian,2150
732,732,2020-02-18 11:06:00,3824,futian,2150
733,733,2020-02-18 11:06:00,2874,futian,2150
734,734,2020-02-18 11:06:00,3734,futian,2150
735,735,2020-02-18 11:06:00,3139,futian,2150
736,736,2020-02-18 11:06:00,3130,futian,2150
737,737,2020-02-18 11:06:00,3772,longgang,3122
738,738,2020-02-18 11:06:00,2651,futian,2150
739,739,2020-02-18 11:06:00,4084,futian,2150
740,740,2020-02-18 11:06:00,3576,futian,3404
741,741,2020-02-18 11:06:00,6800,longgang,3122
742,742,2020-02-18 11:06:00,3787,longgang,3122
743,743,2020-02-18 11:06:00,3758,futian,2150
744,744,2020-02-18 11:06:00,1966,futian,2150
745,745,2020-02-18 11:06:00,4041,futian,2150
746,746,2020-02-18 11:06:00,5129,futian,2150
747,747,2020-02-18 11:06:00,4134,futian,2150
748,748,2020-02-18 11:06:00,15217,futian,2150
749,749,2020-02-18 11:06:00,14599,futian,2150
750,750,2020-02-18 11:06:00,14293,futian,2150
751,751,2020-02-18 11:06:00,14286,futian,2150
752,752,2020-02-18 11:06:00,14149,futian,2150
753,753,2020-02-18 11:06:00,14027,futian,2150
754,754,2020-02-18 11:06:00,11147,futian,2150
755,755,2020-02-18 11:06:00,10765,futian,2150
756,756,2020-02-18 11:06:00,545,longgang,3025
757,757,2020-02-18 11:06:00,6651,futian,2150
758,758,2020-02-18 11:06:00,6891,futian,2150
759,759,2020-02-18 11:06:00,5172,futian,2150
760,760,2020-02-18 11:06:00,5213,futian,2150
761,761,2020-02-18 11:06:00,5326,futian,2150
762,762,2020-02-18 11:06:00,5020,futian,2150
763,763,2020-02-18 11:06:00,5892,futian,2150
764,764,2020-02-18 11:06:00,6071,futian,2150
765,765,2020-02-18 11:06:00,6273,futian,2150
766,766,2020-02-18 11:06:00,6343,futian,2150
767,767,2020-02-18 11:06:00,5776,futian,2150
768,768,2020-02-18 11:07:00,3946,nanshan,2231
769,769,2020-02-18 11:07:00,3577,longgang,3169
770,770,2020-02-18 11:07:00,3969,longgang,3169
771,771,2020-02-18 11:07:00,5800,longgang,3169
772,772,2020-02-18 11:07:00,3570,longgang,3154
773,773,2020-02-18 11:07:00,3644,longgang,3154
774,774,2020-02-18 11:07:00,6266,longgang,3154
775,775,2020-02-18 11:07:00,3550,longgang,3454
776,776,2020-02-18 11:07:00,4126,longgang,3454
777,777,2020-02-18 11:07:00,4214,longgang,3454
778,778,2020-02-18 11:07:00,4437,longgang,3454
779,779,2020-02-18 11:07:00,6111,longgang,3454
780,780,2020-02-18 11:07:00,6128,longgang,3454
781,781,2020-02-18 11:07:00,3593,guangming,3346
782,782,2020-02-18 11:07:00,4176,guangming,3346
783,783,2020-02-18 11:07:00,2566,longgang,3274
784,784,2020-02-18 11:07:00,4114,longgang,3454
785,785,2020-02-18 11:07:00,4509,longgang,3454
786,786,2020-02-18 11:08:00,4492,longgang,3314
787,787,2020-02-18 11:08:00,4078,longgang,3314
788,788,2020-02-18 11:08:00,5111,longgang,3314
789,789,2020-02-18 11:08:00,2391,longgang,3314
790,790,2020-02-18 11:08:00,3953,longgang,3314
791,791,2020-02-18 11:08:00,5861,longgang,3314
792,792,2020-02-18 11:08:00,5917,longgang,3314
793,793,2020-02-18 11:08:00,9353,futian,3404
794,794,2020-02-18 11:08:00,4696,futian,3404
795,795,2020-02-18 11:08:00,3614,futian,3404
796,796,2020-02-18 11:08:00,3605,futian,3404
797,797,2020-02-18 11:08:00,7800,longgang,3314
798,798,2020-02-18 11:08:00,8779,longgang,3314
799,799,2020-02-18 11:08:00,8268,longgang,3314
800,800,2020-02-18 11:08:00,3576,futian,3404
801,801,2020-02-18 11:10:00,5656,guangming,-1
802,802,2020-02-18 11:10:00,4909,guangming,-1
803,803,2020-02-18 11:10:00,3747,guangming,-1
804,804,2020-02-18 11:10:00,3662,guangming,-1
805,805,2020-02-18 11:10:00,3645,guangming,-1
806,806,2020-02-18 11:10:00,3743,longgang,3380
807,807,2020-02-18 11:10:00,3339,longgang,3380
808,808,2020-02-18 11:11:00,4268,nanshan,2231
809,809,2020-02-18 11:11:00,4053,nanshan,2231
810,810,2020-02-18 11:11:00,3836,nanshan,2231
811,811,2020-02-18 11:11:00,3306,longgang,3133
812,812,2020-02-18 11:11:00,3349,nanshan,2231
813,813,2020-02-18 11:11:00,2511,nanshan,2231
814,814,2020-02-18 11:11:00,4820,nanshan,2231
815,815,2020-02-18 11:11:00,3794,nanshan,2231
816,816,2020-02-18 11:11:00,5480,nanshan,2231
817,817,2020-02-18 11:11:00,4100,nanshan,2231
818,818,2020-02-18 11:11:00,6421,nanshan,2231
819,819,2020-02-18 11:11:00,8479,nanshan,2231
820,820,2020-02-18 11:11:00,5665,luohu,-1
821,821,2020-02-18 11:11:00,6292,luohu,-1
822,822,2020-02-18 11:11:00,6386,luohu,-1
823,823,2020-02-18 11:11:00,6423,luohu,-1
824,824,2020-02-18 11:11:00,3380,longgang,3339
825,825,2020-02-18 11:11:00,3630,longgang,3339
826,826,2020-02-18 11:11:00,7960,nanshan,3336
827,827,2020-02-18 11:11:00,6305,nanshan,2231
828,828,2020-02-18 11:12:00,3754,longgang,3260
829,829,2020-02-18 11:12:00,3568,longgang,3260
830,830,2020-02-18 11:13:00,3514,longgang,3318
831,831,2020-02-18 11:13:00,3566,longgang,3318
832,832,2020-02-18 11:13:00,7376,longgang,3318
833,833,2020-02-18 11:15:00,18759,futian,3585
834,834,2020-02-18 11:15:00,18744,futian,3585
835,835,2020-02-18 11:15:00,18744,futian,3585
836,836,2020-02-18 11:15:00,18630,futian,3585
837,837,2020-02-18 11:15:00,4941,futian,3585
838,838,2020-02-18 11:15:00,4481,futian,3585
839,839,2020-02-18 11:15:00,4331,futian,3585
840,840,2020-02-18 11:15:00,3732,futian,3585
841,841,2020-02-18 11:15:00,12849,longgang,-1
842,842,2020-02-18 11:15:00,4308,longgang,-1
843,843,2020-02-18 11:16:00,3928,longhua,3581
844,844,2020-02-18 11:16:00,3414,luohu,3164
845,845,2020-02-18 11:16:00,3777,luohu,3164
846,846,2020-02-18 11:16:00,3407,luohu,3164
847,847,2020-02-18 11:17:00,14219,longgang,2535
848,848,2020-02-18 11:17:00,5482,longgang,3314
849,849,2020-02-18 11:17:00,3932,longgang,3590
850,850,2020-02-18 11:17:00,3909,longgang,3590
851,851,2020-02-18 11:18:00,3775,longgang,3623
852,852,2020-02-18 11:18:00,3967,longgang,3623
853,853,2020-02-18 11:18:00,4015,longgang,3623
854,854,2020-02-18 11:18:00,3853,longgang,3623
855,855,2020-02-18 11:18:00,2213,luohu,1913
856,856,2020-02-18 11:18:00,3834,luohu,1913
857,857,2020-02-18 11:18:00,6394,luohu,1913
858,858,2020-02-18 11:18:00,6462,luohu,1913
859,859,2020-02-18 11:18:00,2023,luohu,1913
860,860,2020-02-18 11:19:00,3945,longgang,2628
861,861,2020-02-18 11:19:00,14219,longgang,2535
862,862,2020-02-18 11:19:00,8165,longgang,2535
863,863,2020-02-18 11:19:00,3845,longgang,3763
864,864,2020-02-18 11:19:00,4308,longgang,3162
865,865,2020-02-18 11:20:00,4662,longgang,3314
866,866,2020-02-18 11:20:00,5419,longgang,3318
867,867,2020-02-18 11:20:00,6105,longgang,3318
868,868,2020-02-18 11:20:00,6872,longgang,3318
869,869,2020-02-18 11:20:00,5861,longgang,3314
870,870,2020-02-18 11:20:00,4127,longgang,3454
871,871,2020-02-18 11:20:00,7882,longgang,3314
872,872,2020-02-18 11:20:00,9576,longgang,3314
873,873,2020-02-18 11:20:00,3920,longgang,3454
874,874,2020-02-18 11:20:00,7158,longgang,3454
875,875,2020-02-18 11:20:00,7610,longgang,3314
876,876,2020-02-18 11:20:00,7104,longgang,3454
877,877,2020-02-18 11:21:00,3923,longgang,2365
878,878,2020-02-18 11:21:00,9666,longgang,314
879,879,2020-02-18 11:21:00,4230,longgang,314
880,880,2020-02-18 11:21:00,4197,longgang,314
881,881,2020-02-18 11:21:00,4170,longgang,314
882,882,2020-02-18 11:22:00,7041,yantian,1939
883,883,2020-02-18 11:22:00,7032,yantian,1939
884,884,2020-02-18 11:22:00,6944,yantian,1939
885,885,2020-02-18 11:23:00,3992,guangming,3796
886,886,2020-02-18 11:23:00,4185,guangming,3796
887,887,2020-02-18 11:24:00,4033,luohu,3828
888,888,2020-02-18 11:24:00,4047,luohu,3828
889,889,2020-02-18 11:24:00,2260,luohu,3828
890,890,2020-02-18 11:24:00,4143,luohu,3828
891,891,2020-02-18 11:24:00,4148,luohu,3828
892,892,2020-02-18 11:24:00,4269,luohu,3828
893,893,2020-02-18 11:24:00,4075,luohu,3828
894,894,2020-02-18 11:26:00,1769,yantian,2594
895,895,2020-02-18 11:26:00,830,yantian,2594
896,896,2020-02-18 11:27:00,3806,longgang,2365
897,897,2020-02-18 11:27:00,4054,longgang,2365
898,898,2020-02-18 11:27:00,4344,longgang,2365
899,899,2020-02-18 11:27:00,3938,longgang,2365
900,900,2020-02-18 11:27:00,2242,longgang,1811
901,901,2020-02-18 11:27:00,2255,longgang,1811
902,902,2020-02-18 11:27:00,6929,longgang,1811
903,903,2020-02-18 11:27:00,7391,longgang,1811
904,904,2020-02-18 11:27:00,2236,longgang,1811
905,905,2020-02-18 11:28:00,9859,guangming,3874
906,906,2020-02-18 11:28:00,7847,guangming,3874
907,907,2020-02-18 11:28:00,4227,guangming,3874
908,908,2020-02-18 11:29:00,5595,longgang,1665
909,909,2020-02-18 11:29:00,475,yantian,387
910,910,2020-02-18 11:29:00,1351,yantian,387
911,911,2020-02-18 11:29:00,6567,yantian,387
912,912,2020-02-18 11:29:00,7408,yantian,387
913,913,2020-02-18 11:29:00,16062,yantian,387
914,914,2020-02-18 11:29:00,16062,yantian,387
915,915,2020-02-18 11:29:00,5616,longgang,1665
916,916,2020-02-18 11:29:00,5706,longgang,1665
917,917,2020-02-18 11:29:00,5720,longgang,1665
918,918,2020-02-18 11:29:00,5871,longgang,1665
919,919,2020-02-18 11:29:00,5896,longgang,1665
920,920,2020-02-18 11:29:00,5385,futian,3942
921,921,2020-02-18 11:29:00,5446,futian,3942
922,922,2020-02-18 11:29:00,5668,futian,3942
923,923,2020-02-18 11:29:00,6717,futian,3942
924,924,2020-02-18 11:29:00,6717,futian,3942
925,925,2020-02-18 11:29:00,5658,longgang,1665
926,926,2020-02-18 11:30:00,1916,futian,414
927,927,2020-02-18 11:30:00,1878,futian,414
928,928,2020-02-18 11:30:00,7513,futian,414
929,929,2020-02-18 11:30:00,8128,futian,414
930,930,2020-02-18 11:30:00,4605,futian,414
931,931,2020-02-18 11:31:00,3630,longgang,3972
932,932,2020-02-18 11:32:00,6222,longgang,4013
933,933,2020-02-18 11:32:00,5728,longgang,4013
934,934,2020-02-18 11:32:00,3917,longgang,4013
935,935,2020-02-18 11:33:00,3923,longgang,3025
936,936,2020-02-18 11:33:00,3938,longgang,3025
937,937,2020-02-18 11:33:00,7408,yantian,387
938,938,2020-02-18 11:33:00,475,yantian,387
939,939,2020-02-18 11:33:00,2365,longgang,3025
940,940,2020-02-18 11:33:00,4086,longgang,3025
941,941,2020-02-18 11:33:00,4387,longgang,3025
942,942,2020-02-18 11:33:00,4344,longgang,3025
943,943,2020-02-18 11:33:00,4580,longgang,3025
944,944,2020-02-18 11:33:00,4687,longgang,3025
945,945,2020-02-18 11:33:00,4796,longgang,3025
946,946,2020-02-18 11:33:00,7915,longgang,3025
947,947,2020-02-18 11:33:00,4236,longgang,3025
948,948,2020-02-18 11:34:00,4803,longgang,2508
949,949,2020-02-18 11:34:00,5216,longgang,2508
950,950,2020-02-18 11:34:00,5320,longgang,2508
951,951,2020-02-18 11:34:00,5373,longgang,2508
952,952,2020-02-18 11:34:00,6046,longgang,2508
953,953,2020-02-18 11:34:00,5285,longgang,2508
954,954,2020-02-18 11:34:00,4066,longgang,4071
955,955,2020-02-18 11:34:00,6654,longgang,4071
956,956,2020-02-18 11:34:00,6656,longgang,4071
957,957,2020-02-18 11:34:00,6678,longgang,4071
958,958,2020-02-18 11:34:00,6751,longgang,4071
959,959,2020-02-18 11:34:00,6235,longgang,2508
960,960,2020-02-18 11:34:00,4405,longgang,3062
961,961,2020-02-18 11:35:00,5220,nanshan,601
962,962,2020-02-18 11:35:00,5220,nanshan,601
963,963,2020-02-18 11:35:00,4996,nanshan,601
964,964,2020-02-18 11:36:00,4648,futian,4048
965,965,2020-02-18 11:36:00,4670,futian,4048
966,966,2020-02-18 11:36:00,4715,futian,4048
967,967,2020-02-18 11:36:00,4724,futian,4048
968,968,2020-02-18 11:36:00,4774,futian,4048
969,969,2020-02-18 11:36:00,4785,futian,4048
970,970,2020-02-18 11:36:00,4738,futian,4048
971,971,2020-02-18 11:36:00,4559,futian,4048
972,972,2020-02-18 11:36:00,4728,futian,4048
973,973,2020-02-18 11:36:00,4433,futian,4048
974,974,2020-02-18 11:36:00,5682,nanshan,3898
975,975,2020-02-18 11:36:00,3139,futian,4048
976,976,2020-02-18 11:36:00,2150,futian,4048
977,977,2020-02-18 11:36:00,12776,nanshan,3898
978,978,2020-02-18 11:36:00,7399,nanshan,3898
979,979,2020-02-18 11:36:00,6463,nanshan,3898
980,980,2020-02-18 11:36:00,6406,nanshan,3898
981,981,2020-02-18 11:36:00,6286,nanshan,3898
982,982,2020-02-18 11:36:00,6284,nanshan,3898
983,983,2020-02-18 11:36:00,5801,nanshan,3898
984,984,2020-02-18 11:36:00,5026,nanshan,3898
985,985,2020-02-18 11:36:00,4418,futian,4048
986,986,2020-02-18 11:36:00,4787,futian,4048
987,987,2020-02-18 11:36:00,4737,futian,4048
988,988,2020-02-18 11:36:00,4895,futian,4048
989,989,2020-02-18 11:36:00,4892,futian,4048
990,990,2020-02-18 11:36:00,6249,futian,4048
991,991,2020-02-18 11:36:00,6187,futian,4048
992,992,2020-02-18 11:36:00,5382,futian,4048
993,993,2020-02-18 11:36:00,5382,futian,4048
994,994,2020-02-18 11:36:00,5376,futian,4048
995,995,2020-02-18 11:36:00,5304,futian,4048
996,996,2020-02-18 11:36:00,5296,futian,4048
997,997,2020-02-18 11:36:00,5256,futian,4048
998,998,2020-02-18 11:36:00,5164,futian,4048
999,999,2020-02-18 11:36:00,5162,futian,4048
